Model,R2,RMSE,MAE
Linear Regression,0.015471723289383399,11.319976523195436,9.59298241341415
Random Forest,-0.3556245425259239,13.283151944776776,10.45971853910041
Gradient Boosting,0.01596676196874025,11.317130220572901,9.533485022863282
